#chrom,chromStart,chromEnd,name,name_2
NC_045512v2,25456,25579,ORF3c,ORF3c
NC_045512v2,25523,25694,ORF3d protein,ORF3d
NC_045512v2,28733,28952,ORF9c,ORF9c
NC_045512v2,25392,26217,ORF3a,ORF3a
NC_045512v2,27938,28256,ORF8,ORF8
NC_045512v2,28273,29530,N,nucleocapsid
NC_045512v2,27755,27884,ORF7b,ORF7b
NC_045512v2,11842,12091,nsp7,nsp7
NC_045512v2,28283,28574,ORF9b,ORF9b
NC_045512v2,18039,19620,ExoN,ExoN
NC_045512v2,12685,13024,nsp9,nsp9
NC_045512v2,20658,21552,nsp16,nsp16
NC_045512v2,10972,11842,nsp6,nsp6
NC_045512v2,21598,23617,Spike protein S1,Spike protein S1
NC_045512v2,13441,13480,nsp11,nsp11
NC_045512v2,26522,27188,M,membrane
NC_045512v2,27438,27756,ORF7a,ORF7a
NC_045512v2,805,2719,nsp2,nsp2
NC_045512v2,13024,13441,nsp10,nsp10
NC_045512v2,21598,25381,S glycoprotein,surface
NC_045512v2,2719,8554,nsp3,nsp3
NC_045512v2,265,13480,pp1a,pp1a
NC_045512v2,24007,25381,Spike protein S2',Spike protein S2'
NC_045512v2,265,21552,pp1ab,ORF1ab
NC_045512v2,266,13480,pp1a,ORF1a
NC_045512v2,16236,18039,Hel,Hel
NC_045512v2,23617,25381,Spike protein S2,Spike protein S2
NC_045512v2,265,805,nsp1,nsp1
NC_045512v2,13441,16236,Pol,Pol
NC_045512v2,10054,10972,3CL-PRO,3CL-PRO
NC_045512v2,8554,10054,nsp4,nsp4
NC_045512v2,26244,26469,E,envelope
NC_045512v2,12091,12685,nsp8,nsp8
NC_045512v2,19620,20658,nsp15,nsp15
NC_045512v2,27201,27384,ORF6,ORF6
NC_045512v2,29558,29671,ORF10,ORF10
